row_index,hardware_name,hardware_index,hardware_price_usd,date,Mhash/s/$,Mhash/J
0,5870,118,,2011-03-01,411.67,1.9060
1,6870,127,,2011-03-01,301.45,1.7264
2,poclbm,-1,,2011-03-05,,
3,HD5970,119,,2011-03-06,700.97,2.0053
4,5870,118,,2011-03-06,411.67,1.9060
5,5850,117,70,2011-03-06,346.78,1.8195
6,5870,118,,2011-04-18,411.67,1.9060
7,Intel Graphics Media Accelerator GMA 4500M,-1,,2011-04-18,,
8,5970,119,,2011-04-18,700.97,2.0053
9,5870,118,,2011-04-18,411.67,1.9060
10,Radeon 5970,119,,2011-04-20,700.97,2.0053
11,Amazon EC2 Cluster GPU Instances,-1,2.10,2011-05-06,,
12,Nvidia 295,-1,,2011-05-16,,
13,Thermaltake W0133RU ToughPower 1200W Modular Power Supply,-1,200,2011-05-16,,
14,iPhone,-1,,2011-05-16,,
15,5870 bios,118,,2011-05-16,411.67,1.9060
16,3x5850,117,,2011-05-16,346.78,1.8195
17,ToughPower 1350W supply,-1,220,2011-05-16,,
18,non-reference Sapphire 5870,118,,2011-05-16,411.67,1.9060
19,graphics cards,-1,,2011-05-16,,
20,reference 5850,117,,2011-05-16,346.78,1.8195
21,Intel E6300,-1,,2011-05-16,,
22,Intel D975XBX,-1,55,2011-05-16,,
23,Coolermaster 700W Silent Pro,-1,79,2011-05-16,,
24,motherboards,-1,,2011-05-16,,
25,2GB DDR2 667,-1,,2011-05-16,,
26,PSU,-1,,2011-05-16,,
27,Zotac ION,244,,2011-05-17,1.8,0.067
28,550w,-1,,2011-05-22,,
29,69xx,-1,,2011-05-22,,
30,5970,119,,2011-05-22,700.97,2.0053
31,6990,131,,2011-05-22,772.28,1.9056
32,5870,118,,2011-05-22,411.67,1.9060
33,5850,117,185,2011-05-22,346.78,1.8195
34,5850,117,,2011-05-22,346.78,1.8195
35,58xx,-1,,2011-05-22,,
36,5830,116,99,2011-05-22,300.18,1.5452
37,2.5 dual core,-1,,2011-05-22,,
38,MSI,-1,,2011-05-22,,
39,5800 series cards,-1,,2011-05-22,,
40,GeForce 9600 GSO,188,,2011-05-22,11.75,0.131
41,ATI 5xxx GPUs,-1,,2011-05-23,,
42,Radeon 6990,131,,2011-05-23,772.28,1.9056
43,5870s,118,,2011-05-23,411.67,1.9060
44,5870s,118,,2011-05-28,411.67,1.9060
45,HD5830,116,280,2011-06-01,300.18,1.5452
46,HD5830,116,126,2011-06-01,300.18,1.5452
47,HD5850,117,288,2011-06-01,346.78,1.8195
48,HD 5770,115,,2011-06-01,212.94,1.9401
49,HD5830,116,,2011-06-01,300.18,1.5452
50,HD5850,117,,2011-06-01,346.78,1.8195
51,HD5850,117,,2011-06-01,346.78,1.8195
52,XFX 5830,116,109,2011-06-03,300.18,1.5452
53,6990s,131,,2011-06-04,772.28,1.9056
54,2 6850s,126,,2011-06-04,240.41,1.3996
55,5850s,117,,2011-06-04,346.78,1.8195
56,5830s,116,,2011-06-04,300.18,1.5452
57,Tri Crossfire setup,-1,,2011-06-07,,
58,5830,116,150,2011-06-07,300.18,1.5452
59,5850,117,200,2011-06-07,346.78,1.8195
60,ATI gpu,-1,,2011-06-07,,
61,<link>,-1,,2011-06-07,,
62,Sapphire 5830,116,,2011-06-07,300.18,1.5452
63,Nvidia Geforce 8500 GT,172,,2011-06-07,2.4,unknown
64,Asrock Z68 Extreme4 motherboard,-1,,2011-06-08,,
65,i5-2500k,326,,2011-06-08,44,20.6
66,Antec 300 illusion,-1,,2011-06-08,,
67,Antec 902V3 case,-1,,2011-06-08,,
68,3x 6950,130,,2011-06-08,394.66,1.8507
69,Silverstone Strider 1200W Gold PSU,-1,,2011-06-08,,
70,PCI-E 1x to 16x adapter,-1,,2011-06-10,,
71,5850,117,,2011-06-10,346.78,1.8195
72,BitMiner,-1,,2011-06-10,,
73,5830,116,,2011-06-13,300.18,1.5452
74,HD 5850s,117,,2011-06-26,346.78,1.8195
75,5850,117,,2011-06-27,346.78,1.8195
76,5770,115,,2011-06-27,212.94,1.9401
77,5830,116,,2011-06-28,300.18,1.5452
78,5830,116,,2011-06-29,300.18,1.5452
79,MSI 890FXA-GD70 motherboard,-1,,2011-06-29,,
80,gts450,218,,2011-06-30,45.28,0.427
81,GT 220,201,,2011-06-30,10.8,0.084
82,ufasoft bulit in,-1,,2011-07-04,,
83,5830,116,,2011-07-13,300.18,1.5452
84,5830,116,,2011-07-13,300.18,1.5452
85,5830,116,800,2011-07-13,300.18,1.5452
86,Maxeler Technologies,-1,,2011-07-15,,
87,LinuxCoin,-1,,2011-07-15,,
88,6970,130,,2011-07-17,394.66,1.8507
89,5830,116,,2011-08-04,300.18,1.5452
90,ASICs,-1,,2011-10-20,,
91,FPGAs,-1,,2011-10-20,,
92,Custom FPGA Mining Board: X6000/X6500,-1,,2011-12-21,,
93,cgminer,-1,,2011-12-29,,
94,cgminer 7970,139,,2012-02-05,84.8,unknown
95,cgminer,-1,,2012-02-07,,
96,5970,119,,2012-03-02,700.97,2.0053
97,Cooler Master Power Supply,-1,,2012-03-10,,
98,5870,118,,2012-03-10,411.67,1.9060
99,BFL Singles,-1,,2012-04-03,,
100,Rig,-1,,2012-04-03,,
101,HD 5970s,119,,2012-04-03,700.97,2.0053
102,x6500,92,560.68,2012-04-21,40015,23.25
103,x6500 fpga,92,580,2012-04-21,40015,23.25
104,BeagleBone,-1,89,2012-05-13,,
105,BitForce,84,,2012-05-23,8324,10.4
106,ATI 3800,-1,,2012-05-28,,
107,ATI 3870x2,-1,,2012-05-28,,
108,BTCMiner,-1,,2012-06-13,,
109,bemicro,-1,,2012-06-18,,
110,ZTEX boards,93,,2012-06-21,9017,unknown
111,2 6850's,126,,2012-06-25,240.41,1.3996
112,5830,116,,2012-06-25,300.18,1.5452
113,BitForce Jalapeno,84,150,2012-07-14,8324,10.4
114,5830,116,,2012-07-25,300.18,1.5452
115,5770,115,,2012-07-25,212.94,1.9401
116,5850,117,,2012-07-25,346.78,1.8195
117,Radeon 5970,119,,2012-07-25,700.97,2.0053
118,cgminer,-1,,2012-09-11,,
119,BFL Single,32,,2012-09-11,60000,250
120,mod miner quad,90,,2012-09-11,80012,20
121,FPGAs,-1,,2012-09-11,,
122,5870m,-1,,2012-09-27,,
123,Alienware M17xr2 laptop,-1,,2012-09-27,,
124,DD-WRT router,-1,,2012-10-29,,
125,Ztex boards,93,,2012-10-29,9017,unknown
126,single sc,32,,2012-12-17,60000,250
127,5830,116,,2012-12-31,300.18,1.5452
128,6950,129,,2012-12-31,366.39,1.9399
129,pentium 4 pc,-1,,2012-12-31,,
130,6970,130,,2012-12-31,394.66,1.8507
131,5850,117,,2013-01-18,346.78,1.8195
132,Avlon,-1,,2013-01-31,,
133,Avalon,20,,2013-02-01,300000,unknown
134,BFL,32,,2013-02-01,60000,250
135,Icarus FPGA,87,515.58,2013-02-02,3809,19.79
136,BFL Announcement Trolling Museum #2,-1,,2013-02-06,,
137,Avalon,20,,2013-02-07,300000,unknown
138,BFL,32,,2013-02-07,60000,250
139,5970,119,,2013-02-13,700.97,2.0053
140,Gigabyte GV-R797OC-3GD,-1,,2013-02-15,,
141,Avalon ASIC,20,,2013-03-25,300000,unknown
142,AVALON,20,75,2013-03-25,300000,unknown
143,Avalon,20,,2013-03-26,300000,unknown
144,Avalon,20,,2013-03-26,300000,unknown
145,BFGMiner,-1,,2013-03-28,,
146,Avalon ASIC Batch 3,20,,2013-03-31,300000,unknown
147,6950,129,,2013-04-02,366.39,1.9399
148,6870,127,80,2013-04-02,301.45,1.7264
149,BFL ASIC,32,,2013-04-12,60000,250
150,BFL 5 gh/s units,32,275,2013-04-12,60000,250
151,25 GH/s ASIC miner,-1,2000,2013-04-14,,
152,Avalon ASIC,20,1200,2013-04-15,300000,unknown
153,ztex 1.15x FGPA,94,200,2013-04-15,21517,unknown
154,Avalon ASIC,20,,2013-04-20,300000,unknown
155,BitMinter miner,-1,,2013-04-25,,
156,BFL and Icarus FPGAs,32,,2013-04-25,60000,250
157,Avalon ASICs,20,,2013-04-27,300000,unknown
158,Avalon ASICs,20,103960.935,2013-04-27,300000,unknown
159,Avalon ASICs,20,,2013-04-28,300000,unknown
160,Avalon ASIC chips,20,,2013-04-29,300000,unknown
161,poclbm,-1,,2013-05-02,,
162,AMD Radeon HD 6750M,125,,2013-05-02,219.5,1.467
163,Dragon Bitcoin / Litecoin Mining Rig,-1,,2013-05-10,,
164,Ztex 1.15y,95,599,2013-05-13,86017,unknown
165,Avalon ASIC Chips,20,,2013-05-15,300000,unknown
166,BFL,32,,2013-05-17,60000,250
167,ASIC,-1,,2013-05-17,,
168,ASICMiner,-1,,2013-05-17,,
169,Avalon ASIC,20,,2013-05-17,300000,unknown
170,Avalon ASIC Chips,20,,2013-05-18,300000,unknown
171,Avalon Chips,20,9.194,2013-05-19,300000,unknown
172,6950s,129,,2013-05-20,366.39,1.9399
173,Sapphire 7950 Vapor X,137,320,2013-05-22,544.25,unknown
174,Avalon ASIC Chips,20,,2013-05-24,300000,unknown
175,bfl's FPGA,32,,2013-05-27,60000,250
176,ASICMiner Erupter USB,-1,2.03636,2013-05-30,,
177,ASICMiner Erupter USB,-1,2.03636,2013-05-30,,
178,ATI cards,-1,,2013-05-30,,
179,Sapphire 7950,137,,2013-05-31,544.25,unknown
180,Block Erupter USB,-1,,2013-06-05,,
181,Butterfly Labs Jalapeno,32,,2013-06-06,60000,250
182,Bitfury-Metabank ASIC 120 Gh/s,-1,5000,2013-06-06,,
183,Klondike,53,,2013-06-06,5200,160
184,KNCMiner,-1,55.09,2013-06-07,,
186,Avalon,20,,2013-06-08,300000,unknown
187,BFL Asic,32,,2013-06-08,60000,250
188,Bitmine,-1,,2013-06-08,,
189,AsicMiner,-1,,2013-06-08,,
190,AVALON CHIPs,20,8.947,2013-06-08,300000,unknown
191,Jupiter KNCMiner,-1,50.085,2013-06-09,,
192,KNCminer Jupiter,-1,239.706,2013-06-10,,
193,Jupiter KNCMiner,-1,52.11,2013-06-10,,
194,K16 miner from 40 EUR,-1,,2013-06-12,,
195,Avalon chips,20,,2013-06-12,300000,unknown
196,KNCminer Jupiter,-1,20.7,2013-06-12,,
198,AVALON CHIPs,20,8.353,2013-06-13,300000,unknown
199,ASICMiner Erupter USB,-1,2.04236,2013-06-13,,
200,ASICMiner Erupter USB,-1,203.95,2013-06-15,,
201,K16 miner from 40 EUR,-1,,2013-06-15,,
202,Avalon chips,-1,,2013-06-15,,
203,Block Erupter USB,-1,,2013-06-16,,
204,Bitfury ASIC,-1,,2013-06-16,,
205,Avalon chips,-1,,2013-06-16,,
206,K16 miner from 40 EUR,-1,,2013-06-16,,
207,Avalon chips,-1,,2013-06-16,,
208,K16 miner from 40 EUR,-1,,2013-06-16,,
209,Terrahash DX,74,105.24,2013-06-19,180000,140
210,BFL 4 GH/s Chips,-1,66.95,2013-06-20,,
211,BFL Single SC Power Brick,-1,,2013-06-22,,
212,Avalon ASIC chips,-1,,2013-06-22,,
213,KNC SATURN,54,,2013-06-23,500000,400
214,BFL 4 GH/s Chips,-1,56.362,2013-06-24,,
215,Spieder 8 Chips,-1,450.893,2013-06-24,,
216,KNCMiner,-1,,2013-06-24,,
217,KNC Miner Saturn,54,395.04,2013-06-26,500000,400
218,Avalon Chip,-1,,2013-06-27,,
219,XFX 6770,124,,2013-06-27,211,unknown
220,Jupiter KNCMiner,54,,2013-06-28,500000,400
221,KNCMiner,-1,,2013-06-29,,
222,ASICMINER USB Block Erupter,-1,,2013-07-01,,
223,KNCMiner,-1,,2013-07-02,,
224,ASICMiner Erupter USB,-1,1.01618,2013-07-02,,
225,BFL asic,-1,,2013-07-03,,
226,AVALON CHIPs,-1,6.511,2013-07-04,,
227,BFL(BitPay),-1,75,2013-07-04,,
229,K16 from 40 EUR,-1,,2013-07-05,,
230,Avalon Chips,-1,5.427,2013-07-05,,
231,Avalon chips,-1,,2013-07-05,,
232,Avalon reference design from BitSyncom,-1,,2013-07-05,,
233,KnC,-1,,2013-07-06,,
234,BITFURY group buy,-1,,2013-07-06,,
235,KNC Jupiter,54,7000,2013-07-07,500000,400
236,Avalon,-1,,2013-07-08,,
237,ASICMiner USB,-1,74.26,2013-07-09,,
238,ASICMiner Erupter USB,-1,1.01693878,2013-07-10,,
239,BFL ASIC Chips,-1,59,2013-07-12,,
240,USB Erupters,-1,81.577,2013-07-13,,
241,2 KnC Jupiter 400Gh/s,54,90.03,2013-07-14,500000,400
242,ASICMiner Erupter USB,-1,,2013-07-15,,
243,BITFURY hosting,-1,,2013-07-18,,
244,ASICMiner Erupter USB,-1,0.95,2013-07-21,,
245,Block Erupter USB,-1,98.693,2013-07-21,,
246,ASICMINER USB Block Erupter,-1,99.9,2013-07-23,,
247,USB Asic miners,-1,85.576,2013-07-25,,
248,ASICMINER,-1,,2013-07-28,,
249,KNC,-1,,2013-07-28,,
250,singles,-1,,2013-07-29,,
251,BitburnersXX,-1,373.56,2013-07-29,,
252,BFL jalapenos,-1,,2013-07-29,,
253,Bicknellski K1 Nano,-1,65,2013-07-29,,
254,AM blades,-1,,2013-07-29,,
255,USBs,-1,,2013-07-29,,
256,Bitfury,-1,,2013-07-29,,
257,Avalon B3 4 module,-1,,2013-07-29,,
258,Avalon K1,-1,,2013-07-29,,
259,Avalon,-1,,2013-07-29,,
260,minirigs,-1,,2013-07-29,,
261,AsicMiner's USB,-1,,2013-07-29,,
262,BFL,-1,27.5,2013-07-30,,
263,Bitfury 400gh,-1,,2013-07-31,,
264,BFL ASIC Group Buy #2,-1,,2013-08-01,,
265,ASICMiner Erupter USB,-1,39.294,2013-08-02,,
266,ASICminer Block Erupter USB,-1,58,2013-08-02,,
267,USB ASICs,-1,20,2013-08-03,,
268,block erupters,-1,,2013-08-07,,
269,Bitfury ASIC Chips,-1,,2013-08-08,,
270,Avalon Reselling and Hosting Plan,-1,,2013-08-08,,
271,ASICminer Block Erupter USB,-1,58,2013-08-09,,
272,ASICMINER Erupter USB Miner,-1,32.728,2013-08-10,,
273,ASICminer Erupter USB,-1,45,2013-08-11,,
274,Kncminer,-1,140.7,2013-08-12,,
275,ASICMiner USB Block Erupters,-1,9.539,2013-08-12,,
276,HashFast Shares,-1,161.865,2013-08-13,,
277,HashFast Shares,-1,161.881,2013-08-15,,
278,block erupters,-1,,2013-08-15,,
279,Block Erupter USB,-1,,2013-08-16,,
280,Baby Jet,50,,2013-08-16,400000,909
281,HASHFAST 400GH/s,-1,,2013-08-16,,
282,USB block erupters,-1,1000,2013-08-18,,
283,block erupters,-1,,2013-08-18,,
284,HashFast,-1,,2013-08-19,,
285,ASICminer Erupter USB,-1,42.50,2013-08-19,,
286,batch #22/23,-1,,2013-08-19,,
287,ASICminer Erupter USB,-1,42.50,2013-08-19,,
288,ASIC Miner Usb miners,-1,,2013-08-19,,
289,Blades,-1,,2013-08-19,,
290,Monarch,30,,2013-08-20,700000,1428
291,hashfast baby jet,-1,88.267,2013-08-27,,
292,ASICMiner USB Block Erupters,-1,67.083,2013-08-27,,
293,Erupter USB,-1,3537.3,2013-08-28,,
294,ASICMINER Blade Miner,-1,1207.398,2013-08-28,,
295,Alydian,-1,,2013-08-29,,
296,BITFURY Chips,-1,,2013-08-29,,
297,Cointerra Shares,-1,533.61,2013-08-29,,
298,DRILLBIT SYSTEM mining assembly,-1,,2013-08-29,,
299,butterfly labs jalapeno,-1,250,2013-09-01,,
300,USB block erupters,-1,,2013-09-03,,
301,ASICMINER's,-1,,2013-09-03,,
302,Avalon ASIC Chips,-1,,2013-09-05,,
303,GPUs,-1,,2013-09-06,,
304,ASICs,-1,,2013-09-06,,
306,BitFury Asic Units,-1,,2013-09-08,,
307,Cointerra Shares,-1,243.0,2013-09-09,,
308,GPUs,-1,,2013-09-09,,
309,CPUs,-1,,2013-09-09,,
310,Single efficient machine (20GH),-1,10,2013-09-10,,
311,ASICminer Erupter GB#7,-1,595,2013-09-10,,
312,ASICMiner blades,-1,509.96,2013-09-11,,
313,HashBug development board,-1,6,2013-09-11,,
314,GB BabyJet batch #2,-1,,2013-09-13,,
315,KnCMiner,54,,2013-09-15,500000,400
316,BitFury,34,,2013-09-15,unknown,unknown
317,ASICMiner USB,-1,16.413,2013-09-16,,
318,CoinCraft Desk,-1,,2013-09-17,,
319,Bitmine,35,,2013-09-17,85000,unknown
320,Cointerra,40,,2013-09-17,160000,unknown
321,ASICMiner Block Erupters,-1,16.51,2013-09-18,,
322,HashFast,51,150,2013-09-19,120000,909
323,"BPMC ""RED FURY"" USB MINERS",-1,102.024,2013-09-20,,
324,HashFast,51,,2013-09-22,120000,909
325,RedFury USB miner 2.2 - 2.7 GH/s,-1,107.193,2013-09-22,,
326,AM Erupters,-1,,2013-09-22,,
327,HashFast Sierra,52,,2013-09-22,200000,909
328,HashFast Flash Sale,-1,,2013-09-22,,
329,VMC Board,-1,,2013-09-22,,
330,Bitfury miner,34,,2013-09-23,unknown,unknown
331,ZTEX project ZtexBTCMiner-120703,-1,,2013-09-23,,
332,HashFast Sierra,52,6000,2013-09-23,200000,909
333,HashFast Sierra,52,69,2013-09-24,200000,909
334,Cointerra Terraminer IV,40,185.79,2013-09-24,160000,unknown
335,Sierra,52,,2013-09-24,200000,909
336,Hash Fast Baby Jet,50,12.386,2013-09-24,400000,909
337,GB HashFast unit,-1,,2013-09-24,,
338,Blades,-1,476.861,2013-09-24,,
339,Block Erupter USB,-1,19.198,2013-09-24,,
340,Bitmine Coincraft,35,,2013-09-26,85000,unknown
341,KnC,54,,2013-09-26,500000,400
342,CointerraII,-1,,2013-09-26,,
343,ASICMiner Block Erupters,-1,15.869,2013-09-27,,
344,"BPMC ""BLUE FURY"" 2.7 GH/s USB MINER",-1,,2013-09-28,,
345,DZ HF R2 Baby Jet,-1,43,2013-09-28,,
346,KnCMiner Saturn,56,132.562,2013-09-30,250000,400
347,TerraMiner IV,40,6299,2013-10-01,160000,unknown
348,KnC Jupiter,54,,2013-10-01,500000,400
349,HashFast Shares,-1,124.62,2013-10-02,,
350,Blade Miners,-1,311.55,2013-10-02,,
351,KnC Jupiter,54,78,2013-10-07,500000,400
352,HashFast Sierra,52,120,2013-10-09,200000,909
353,BitSafe Wallet,-1,,2013-10-09,,
354,HashFast Baby Jet,50,43,2013-10-10,400000,909
355,Avalon,17,,2013-10-10,663001,107
356,"BPMC ""BLUE FURY"" 2.7 GH/s USB MINER",-1,114.12,2013-10-10,,
357,Bitmine Rig,35,708,2013-10-10,85000,unknown
358,Avalon,17,,2013-10-10,663001,107
359,R1B,-1,,2013-10-12,,
360,Terraminer IV,40,211.728,2013-10-13,160000,unknown
361,Bitmine Rig,35,70,2013-10-13,85000,unknown
362,"BPMC ""BLUE FURY"" 2.7 GH/s USB MINER",-1,,2013-10-14,,
363,BPMC BLUEFURY USB Miner,-1,139,2013-10-16,,
364,R5 KnC Jupiter,54,,2013-10-17,500000,400
365,Black Arrow rig(s),-1,,2013-10-17,,
366,KnC Jupiter,54,78,2013-10-19,500000,400
367,ASICMiner Blades,-1,342.247,2013-10-21,,
368,Bitmine Rig,35,60,2013-10-23,85000,unknown
369,KnC Jupiter,54,78,2013-10-24,500000,400
370,R11,-1,123,2013-10-27,,
371,BLACK ARROW Bullet Run,-1,123,2013-10-28,,
372,R11,-1,123,2013-11-01,,
373,USB Miners,-1,7.075,2013-11-01,,
374,Avalon,17,6000,2013-11-03,663001,107
375,KNC Jupiter,54,5000,2013-11-03,500000,400
376,batch #32/31,-1,,2013-11-04,,
377,50 USBs + 49-port hub,-1,252.109,2013-11-04,,
378,RED FURY,-1,119.021,2013-11-05,,
379,USB Miners,-1,232.8,2013-11-07,,
380,Avalon Gen. 2 Chips,-1,,2013-11-07,,
381,Backplanes,-1,145.5,2013-11-07,,
382,Blade Miners,-1,232.8,2013-11-07,,
383,Cointerra Terraminer IV,40,507.75,2013-11-09,160000,unknown
384,Terraminer IV,40,227.5,2013-11-10,160000,unknown
385,USB hubs,-1,137.596,2013-11-11,,
386,$0.90,-1,,2013-11-11,,
387,Blue Fury USB Miner,-1,10.74,2013-11-11,,
388,Feb '14,-1,123,2013-11-11,,
389,N America,-1,,2013-11-11,,
390,Intl. Robocoin GB ATM Launch in EU,-1,,2013-11-11,,
391,USB miners,-1,,2013-11-11,,
392,blades,-1,,2013-11-11,,
393,$5.82,-1,,2013-11-11,,
394,$17.50,-1,,2013-11-11,,
395,$1.80,-1,,2013-11-11,,
396,Group Buy #21 backplanes,-1,85.998,2013-11-11,,
397,RED FURY,-1,138.43,2013-11-12,,
398,RED FURY,-1,113.584,2013-11-12,,
399,RED FURY,-1,124.232,2013-11-12,,
400,KnC Jupiter,54,78,2013-11-15,500000,400
401,ASICMiner 49 port hubs,-1,152.428,2013-11-16,,
402,Blade backplanes,-1,108.877,2013-11-16,,
403,batch #32/31,-1,283.082,2013-11-16,,
404,Plesk,-1,233.73,2013-11-17,,
405,14 USB,-1,16.695,2013-11-17,,
406,Blade miners,-1,524.7,2013-11-17,,
407,ASICMINER ERUPTER USB MINER,-1,662.31,2013-11-18,,
408,KnCMiner Neptune,55,229.215,2013-11-26,300000,1429
409,BFL 4 GH/s Chips,-1,55.012,2013-11-26,,
410,R19X KnC Neptune,-1,225100,2013-11-26,,
411,CoinTerra ASIC,40,,2013-11-30,160000,unknown
412,BFL SC single,31,,2013-11-30,10000,unknown
413,KnC,-1,,2013-11-30,,
414,ASIC USB miner,-1,50,2013-12-02,,
415,AsicMiner Blade and Cube Miners,-1,,2013-12-03,,
416,AntMiner S1,0,,2013-12-03,180000,500
417,Block Erupters,-1,,2013-12-04,,
418,KnCMiner Neptune,55,160,2013-12-05,300000,1429
419,KnCMiner Neptune,55,135,2013-12-05,300000,1429
420,2X NEPTUNE #1,-1,40.583,2013-12-06,,
421,KNC Jupiter,54,,2013-12-06,500000,400
422,BFL singles,-1,,2013-12-08,,
423,Bitfury 8board rig,-1,,2013-12-08,,
424,KnC Neptune,55,,2013-12-09,300000,1429
425,AntMiner S1,0,8330.0,2013-12-10,180000,500
426,Cubes,-1,879.8,2013-12-11,,
427,2 KnC Jupiters,-1,125,2013-12-12,,
428,Neptune,-1,160,2013-12-13,,
429,KnC Neptune,55,44.258,2013-12-13,300000,1429
430,KNC Neptune,55,0.55,2013-12-13,300000,1429
431,Black Arrow Prospero X-3,37,130,2013-12-13,200000,1000
432,Terraminer IV,-1,344.8,2013-12-15,,
433,BitMine CoinCraft,-1,5.392,2013-12-17,,
434,KNC Neptune,55,0.55,2013-12-19,300000,1429
435,BitMine CoinCraft,-1,4.872,2013-12-20,,
436,BitMine CoinCraft,-1,4.76,2013-12-21,,
437,KNC Neptune,55,0.6,2013-12-21,300000,1429
438,Cointerra,-1,,2013-12-22,,
439,Antminer U1 USB Erupter,-1,,2013-12-27,,
440,Antminer U1 USB Erupter,-1,47.783,2013-12-27,,
441,Bitfury USB,-1,,2013-12-27,,
442,Avalon 200Gh/s - 1.2Th/s,-1,,2013-12-28,,
443,CUBE,-1,618.8,2013-12-29,,
444,Bitfury Bare Chips,-1,50,2014-01-05,,
445,KnCMiner Neptune,55,,2014-01-05,300000,1429
446,U1 antminer USB sticks,-1,0.07,2014-01-05,,
447,Sapphire 7950s,115,,2014-01-07,212.94,1.9401
448,KNC Neptune,55,10000,2014-01-07,300000,1429
449,Corsair CX750 PSUs,-1,,2014-01-07,,
450,Black Arrow Prospero x3,37,6000,2014-01-07,200000,1000
451,Avalon Mini Rig,28,,2014-01-07,500000,185
452,AVALON GEN2,-1,2017.085,2014-01-08,,
453,ANTMINERs,-1,288.155,2014-01-08,,
454,BTMine v1 Miner 200GH/s,-1,1811.26,2014-01-08,,
455,RED FURY 2.5 GIGASH,-1,,2014-01-09,,
456,KNC Neptunes,-1,426.98,2014-01-10,,
457,Netpune,-1,,2014-01-11,,
458,ANTs,-1,,2014-01-11,,
459,Live Unicorn 1HP bitcoin miner,-1,,2014-01-13,,
460,50FT Cat6 Network Cable,-1,,2014-01-13,,
461,TL-SG1005D 5-Port Gigabit Switch,-1,,2014-01-13,,
462,Rosewill RHB-500 usb hub,-1,,2014-01-13,,
463,industrial usb hubs,-1,,2014-01-13,,
464,100FT CAT6 Network Cable,-1,,2014-01-13,,
465,Anker hubs,-1,,2014-01-13,,
466,ARCTIC B,-1,,2014-01-13,,
467,5ft Cat6 Snagless Ethernet Cable,-1,,2014-01-13,,
468,WD My Net Switch - 8 Port Gigabit Network Switch,-1,28.99,2014-01-13,,
469,Jally connector,-1,,2014-01-13,,
470,10 port powered USB 2.0 hub,-1,14.99,2014-01-13,,
471,ANTMINER U1,-1,63.239,2014-01-14,,
472,Avalon 1.2Th/s,-1,,2014-01-14,,
473,Professional quality USB hubs,-1,,2014-01-14,,
474,Avalon 200Gh/s,-1,,2014-01-14,,
475,P2Pool,-1,,2014-01-15,,
476,CGMiner,-1,,2014-01-15,,
477,<link> Labs,-1,,2014-01-17,,
478,Raedon 7970 cards,118,,2014-01-17,411.67,1.9060
479,<link> Bitcoim Asic 100 GH/s,-1,,2014-01-17,,
480,550 GH/s asic machines,-1,,2014-01-17,,
481,AntMiner U1,-1,37120.05,2014-01-21,,
482,AntMiner U1,-1,74.24,2014-01-21,,
483,KNC November Saturn,-1,,2014-01-21,,
484,for,-1,,2014-01-24,,
485,BFL,-1,,2014-01-24,,
486,ASICMiner Cubes,-1,407.375,2014-01-26,,
487,TerraMinerIV,-1,2.9,2014-01-27,,
488,Red Fury bitcoin miner 2.2~2.7 GH/s,-1,,2014-01-28,,
489,ASICMiner Cube,-1,392.755,2014-01-28,,
490,ASICMiner Block Erupter USB 336MH/s Sapphire Miners,-1,,2014-01-28,,
491,Antminer U1 USB Block Erupter 1.6Gh/s,-1,,2014-01-28,,
492,Doc's Instant Hash R1,-1,79.899,2014-01-30,,
493,Avalon miner,-1,2000,2014-01-31,,
494,Avalon miner,-1,1800,2014-02-05,,
495,7xxx,-1,,2014-02-05,,
496,5970,119,,2014-02-05,700.97,2.0053
497,Magma backplane boards,-1,250,2014-02-05,,
498,Asus boards,-1,,2014-02-05,,
499,MSI 890FXA,-1,,2014-02-05,,
500,Antminer S1,0,998.093,2014-02-10,180000,500
501,Dualminer USB ASIC sha/scrypt miner,-1,85,2014-02-11,,
502,Antminer S1,0,945.385,2014-02-12,180000,500
503,Antminer S1,0,945.385,2014-02-12,180000,500
504,Avalon mining machine,-1,948.0,2014-02-17,,
505,BitFury StarterKit,-1,6500,2014-02-21,,
506,TerraMiner IV,40,,2014-02-24,160000,unknown
507,TerraMiner IV 3,-1,,2014-02-24,,
508,TerraMiner IV 2,-1,,2014-02-24,,
509,Nvidia GeForce GTX 275,223,,2014-02-25,54.375,0.232
510,Nvidia GeForce GTX 580,240,,2014-02-25,156.6,0.642
511,CoinTerra,-1,350.85,2014-02-27,,
512,CoinTerra,-1,438.562,2014-02-27,,
513,CoinTerra,-1,204.662,2014-02-27,,
514,Bitmine CoinCraft,-1,23455.75,2014-02-28,,
515,Fury's miner,-1,5.107,2014-03-01,,
516,TerraMiner IV,40,,2014-03-02,160000,unknown
517,2,-1,,2014-03-05,,
518,2,-1,,2014-03-05,,
519,1,-1,,2014-03-05,,
520,1,-1,,2014-03-05,,
521,1,-1,,2014-03-05,,
522,LA1THS Bitcoin miner,-1,,2014-03-05,,
523,2,-1,,2014-03-05,,
524,10,-1,,2014-03-05,,
525,10,-1,,2014-03-05,,
526,2,-1,,2014-03-05,,
527,GRIDSEED MINER,-1,,2014-03-05,,
528,1,-1,,2014-03-05,,
529,1,-1,,2014-03-05,,
530,1,-1,,2014-03-05,,
531,1,-1,,2014-03-05,,
532,1,-1,,2014-03-05,,
533,1,-1,,2014-03-05,,
534,10,-1,,2014-03-05,,
535,2,-1,,2014-03-05,,
536,1,-1,,2014-03-05,,
537,1,-1,,2014-03-05,,
538,2,-1,,2014-03-05,,
539,1,-1,,2014-03-05,,
540,2,-1,,2014-03-05,,
541,1,-1,,2014-03-05,,
542,1,-1,,2014-03-05,,
543,2,-1,,2014-03-05,,
544,1,-1,,2014-03-05,,
545,10,-1,,2014-03-05,,
546,10,-1,,2014-03-05,,
547,2,-1,,2014-03-05,,
548,Gridseed Dual Asic,-1,1,2014-03-05,,
549,1,-1,,2014-03-05,,
550,Antminer,-1,,2014-03-07,,
551,antminer asics,-1,4,2014-03-07,,
552,Asicminer USBs,-1,,2014-03-09,,
553,Antminer U1,9,,2014-03-09,1600,800
554,Antminer U2,10,,2014-03-09,2000,1000
555,Gridseed Asics,-1,225,2014-03-10,,
556,Gridseed USB miner,-1,190,2014-03-11,,
557,antminer from bitmaintech,-1,,2014-03-12,,
558,hex miner 15 Gigahashes USB Stick,-1,,2014-03-12,,
559,Ant,-1,,2014-03-13,,
560,Scrypt ASIC Gridseeds,-1,230,2014-03-13,,
561,JT miner,-1,,2014-03-13,,
562,Bitmaintech.com,-1,,2014-03-13,,
563,CoinTerra,-1,,2014-03-13,,
564,Phoenix,-1,,2014-03-13,,
565,Gridseed 5-chips USB miner,-1,259,2014-03-13,,
566,TerraHash.com,-1,,2014-03-13,,
567,1T28nm colorbit,-1,3250,2014-03-13,,
568,S1 AntMiners,-1,,2014-03-15,,
569,Avalon,-1,,2014-03-15,,
570,Gridseed,-1,165,2014-03-15,,
571,Gridseed Asics,-1,225,2014-03-16,,
572,Gridseed,-1,190,2014-03-17,,
573,Gridseed 5 Chip,-1,187,2014-03-19,,
574,Gridseed 5-Chip USB Miner,-1,,2014-03-19,,
575,Wasp,-1,,2014-03-21,,
576,Antminer,-1,,2014-03-21,,
577,AntMiner S1,0,2.919,2014-03-25,180000,500
578,Bitfury Bare Chips,-1,15000,2014-03-25,,
579,1THs 1.1kW 28nm,-1,3500,2014-03-28,,
580,Dualminer USB ASIC scrypt miner,-1,45,2014-03-29,,
581,IceDrill,-1,,2014-03-29,,
582,MPP,-1,,2014-03-29,,
583,evo,-1,,2014-03-29,,
584,GPUs,-1,,2014-04-01,,
585,1TH-miner,-1,,2014-04-02,,
586,Gridseed 5-Chip USB Miner,-1,,2014-04-04,,
587,Alpha Viper Scrypt rigs,-1,,2014-04-05,,
588,KNCminer Neptunes,-1,,2014-04-05,,
589,Bitmine rig,-1,,2014-04-05,,
590,1T Dragon Miner,-1,,2014-04-07,,
591,GRIDSEED,-1,165,2014-04-10,,
592,Antminer,-1,,2014-04-10,,
593,Jupiter KNCMiner,-1,229.25,2014-04-14,,
594,GRIDSEED,-1,115,2014-04-14,,
595,KnC N3PTUNE,-1,60,2014-04-16,,
596,ANTMINER S1,0,,2014-04-16,180000,500
597,OPEN GRIDSEED miner,-1,,2014-04-17,,
598,1TH Bitmine,-1,2500,2014-04-18,,
599,SP30 Yukon,71,6000,2014-04-18,450000,1500
600,ANTMINER U2,10,0.0385,2014-04-19,2000,1000
601,Spondoolies-tech SP10,69,3600,2014-04-20,140000,1120
602,GRIDSEED,-1,115,2014-04-22,,
603,Sun Fire V880,-1,,2014-04-23,,
604,Klondike,53,,2014-04-27,5200,160
605,R9 290,-1,,2014-04-27,,
606,BFL,-1,,2014-04-27,,
607,Ninja Group Buy #3 Hosted,-1,7.50,2014-04-29,,
608,NinjaGRP#7 800GH Rackmount Avalon3 Miner,-1,2700,2014-04-29,,
609,Antminer U2 2Gh/s USB miner,10,,2014-05-03,2000,1000
610,AMD ATI Radeon 6300M,-1,,2014-05-03,,
611,Monarch,30,8519,2014-05-05,700000,1428
612,S2,1,,2014-05-06,100000,900
613,Cointerra,40,,2014-05-06,160000,unknown
614,Dragon,-1,,2014-05-06,,
615,Avalon miner,-1,1950,2014-05-08,,
617,Gridseed USB,-1,119,2014-05-12,,
618,BLADE,12,950,2014-05-12,10752,129
619,Antminer s1,0,,2014-05-14,180000,500
620,bitcoin client exe,-1,,2014-05-19,,
621,GUIMiner,-1,,2014-05-19,,
622,Antminer S-1,0,,2014-05-20,180000,500
623,Dragon Miner,-1,,2014-05-20,,
624,Antminer S2,1,1650,2014-05-20,100000,900
625,Antminer S2,1,1650,2014-05-22,100000,900
626,A1 Coincraft,-1,4500,2014-05-23,,
627,Antminer S2,1,2200,2014-05-23,100000,900
628,Antminer S2,1,1800,2014-05-23,100000,900
629,Antminer S2,1,5800,2014-05-23,100000,900
630,Spondoolies Tech SP10,69,2900,2014-05-23,140000,1120
631,A1 Coincraft,-1,1500,2014-05-23,,
632,Ant Miner,-1,,2014-05-26,,
633,Antminer S2,1,0.05110,2014-05-27,100000,900
634,VMC bitcoin miner,-1,,2014-06-03,,
635,Corsair CX750M,-1,129.99,2014-06-04,,
636,SP-Tech SP15,-1,2800,2014-06-05,,
637,ASIC chip,-1,,2014-06-06,,
638,Rockminer R-BOX,63,64.864,2014-06-09,110000,917
639,Gridseed,-1,,2014-06-15,,
640,Antminer U2,10,,2014-06-15,2000,1000
641,SP30,71,4000,2014-06-16,450000,1500
642,Avalon chips,-1,,2014-06-16,,
643,asic antminer s1,0,,2014-06-16,180000,500
644,Rockminer R-Box,63,,2014-06-17,110000,917
645,Avalon3 Single Module-290,-1,,2014-06-25,,
646,A2 90MH,-1,,2014-07-02,,
647,Silver Fish 28MH,-1,2450,2014-07-02,,
648,1TH Dragon,-1,2450,2014-07-02,,
649,A2 mini,-1,,2014-07-02,,
650,Gridseed G-Black,-1,,2014-07-04,,
651,Gridseed A1,-1,1600,2014-07-04,,
652,Neptune,55,10000,2014-07-07,300000,1429
653,ScalaMiner 0.x beta,-1,,2014-07-07,,
654,Titan,-1,,2014-07-07,,
655,USB Asic miner,-1,,2014-07-07,,
656,S1 Antminer,0,,2014-07-07,180000,500
657,Antminer S1,0,200,2014-07-08,180000,500
658,Minion ASIC,-1,,2014-07-09,,
659,B2-30M,-1,26992499,2014-07-10,,
660,Dragon 1T bitcoin miner,-1,17991599,2014-07-10,,
662,BTCGarden-AM-v1,39,,2014-07-13,310000,954
663,NEW 1.2T MINER,-1,1275,2014-07-18,,
664,GPU,-1,,2014-07-24,,
665,ASIC,-1,,2014-07-24,,
666,CPU,-1,,2014-07-24,,
667,Antminer S1,0,4.38,2014-07-26,180000,500
668,RK-BOX,64,,2014-08-01,32000,711
669,Avalon,-1,,2014-08-01,,
670,Corsair CX500,-1,,2014-08-01,,
671,PSU,-1,,2014-08-01,,
672,Avalon 2 TH,-1,,2014-08-01,,
673,Antminer S1,0,,2014-08-01,180000,500
674,X Box,-1,,2014-08-01,,
675,R-Box,-1,,2014-08-01,,
676,A1,-1,,2014-08-01,,
677,Be200 chip,-1,,2014-08-01,,
678,Silverfish,-1,,2014-08-01,,
679,Rock Miner R-Box,-1,,2014-08-01,,
680,A2,-1,,2014-08-01,,
681,Raspberry Pi,-1,,2014-08-01,,
682,Antminer S3,2,146.031,2014-08-04,441000,1300
683,Bitcrane 1.1THs Unit,-1,1499.99,2014-08-13,,
684,Gridseed A1,-1,,2014-08-14,,
685,Bitcrane 1.1THs Unit,-1,1449.99,2014-08-18,,
686,EBM,-1,,2014-08-19,,
687,seasonic 1000 watt PSU,-1,,2014-08-19,,
688,DPS-2000BB 2000W Server PSU Interface Board,-1,,2014-08-19,,
689,ASICMiner Erupter USB,-1,201.523,2014-08-19,,
690,ASICMiner Erupter USB,-1,1.01618,2014-08-19,,
691,UPS,-1,,2014-08-19,,
692,BLACK ARROW Bullet Run w Bitfury,-1,113,2014-08-19,,
693,Black Arrow R9-12,-1,,2014-08-21,,
694,AntMiner S3,2,975,2014-08-25,441000,1300
695,AntMiner S1,0,,2014-08-25,180000,500
696,AntMiner S2,1,1745,2014-08-25,100000,900
697,ASICMiner Tube,16,532.345,2014-08-27,800000,888
698,AntMiner S3+,3,349,2014-08-29,453000,1282
699,AntMiner S1,0,,2014-09-02,180000,500
700,ASICMiner Erupter USB,-1,1.01693878,2014-09-16,,
701,DZ MC GB shares,-1,,2014-09-17,,
702,AntMiner U2 USB STICKS,10,0.037,2014-09-17,2000,1000
703,AntMiner S3,2,399,2014-09-25,441000,1300
704,DB1000 2TH/s,-1,,2014-09-29,,
705,GRIDSEED Miners,-1,160,2014-10-01,,
706,ASICMiner Prisma,14,483.027,2014-10-06,140000,1333
707,Antminer S1 Conversion Kits,-1,,2014-10-10,,
708,Bitfury Bare Chips,-1,,2014-10-10,,
709,ASICMINER TUBE,16,333.71,2014-10-13,800000,888
710,Bitmaintech,-1,,2014-10-15,,
711,Alpha Technology,-1,,2014-10-15,,
712,Bitcoinrigs.org,-1,,2014-10-15,,
713,KnC Jupiter,54,,2014-10-18,500000,400
714,ASICMINER TUBE,16,329.443,2014-10-19,800000,888
715,Bitmine CoinCraft A1,-1,,2014-10-23,,
716,Terraminers,-1,,2014-11-06,,
717,KNC,-1,,2014-11-06,,
718,Cointerra,-1,,2014-11-06,,
719,Ant Miners,-1,,2014-11-06,,
720,Spondoolies Tech SP10,69,,2014-11-06,140000,1120
721,Spondoolies Tech SP20,70,,2014-11-10,170000,1545
722,ANTMINER U3,11,57.308,2014-11-11,63000,1000
723,ASICMiner Prisma,14,587.853,2014-11-14,140000,1333
724,ASICMiner Prisma,14,579.209,2014-11-15,140000,1333
725,KNC Neptune,55,213.882,2014-11-20,300000,1429
726,Rock miner,-1,,2014-12-01,,
727,Gridseeds,-1,,2014-12-01,,
728,Fury,-1,,2014-12-01,,
729,Ant S1,0,,2014-12-01,180000,500
730,Lancelot,89,500,2014-12-18,40011,unknown
731,Icarus,87,160,2014-12-18,3809,19.79
732,usb miner,-1,,2014-12-28,,
733,S-5,-1,,2015-01-08,,
734,Antminer S5,5,480,2015-01-09,115500,1957
735,AntMiner S3,2,6,2015-01-09,441000,1300
736,Gridseed 5 Chip miners,-1,,2015-01-12,,
737,Minera 0.4.0,-1,,2015-01-12,,
738,AntMiner S5,5,404,2015-01-13,115500,1957
739,R-BOX,-1,,2015-01-16,,
740,Butterfly labs Jalapeo,-1,,2015-01-17,,
741,Antminer S3,2,,2015-01-20,441000,1300
742,Hashblaster,-1,,2015-02-11,,
743,Spondoolies Tech SP35,73,,2015-02-11,550000,1506
744,SP20,-1,,2015-02-13,,
745,Corsair 750,-1,,2015-03-08,,
746,evga 1300G2 Supernova,-1,,2015-03-08,,
747,SP120 Corsair Fans,-1,,2015-03-08,,
748,Ant S3,2,,2015-03-19,441000,1300
749,Antminer S5,5,,2015-03-19,115500,1957
750,hosted antminer S5,-1,390,2015-04-04,,
751,Sfards SF3301,-1,,2015-05-03,,
752,S1,-1,,2015-05-08,,
753,U3,11,,2015-05-08,63000,1000
754,S3s,-1,,2015-05-08,,
755,291G,-1,,2015-05-08,,
756,S3+,3,,2015-05-08,453000,1282
757,Antminer U2,10,,2015-05-08,2000,1000
758,BFL's,-1,,2015-05-08,,
759,KNC mercury,57,,2015-05-08,100000,unknown
760,S5,5,362.50,2015-05-18,115500,1957
761,BITMAIN ANTMINER U3,11,,2015-05-25,63000,1000
762,1 TH/s Bitmine Rig,-1,70,2015-05-30,,
763,MG Chemical's 0.66 W/mK conductivity silicone heat transfer compound,-1,18,2015-06-12,,
764,TerraMiner,-1,,2015-06-13,,
765,Rbox,-1,,2015-07-10,,
766,Bitmine Desk V2,-1,,2015-07-10,,
767,BTCGarden V2,-1,,2015-07-10,,
768,Gridseed G-Black,-1,,2015-07-10,,
769,S1,-1,,2015-07-10,,
770,Antminer S3,2,360,2015-07-10,441000,1300
771,MAT 256Mh,-1,,2015-07-10,,
772,Antminer S2,1,,2015-07-10,100000,900
773,U2,10,,2015-07-10,2000,1000
774,S5,5,,2015-07-10,115500,1957
775,S3,2,,2015-07-10,441000,1300
776,C1,-1,,2015-07-10,,
777,Antminer S1,0,,2015-07-10,180000,500
778,firmware,-1,,2015-07-11,,
779,S5,5,,2015-07-22,115500,1957
780,Avalon 4.1,-1,,2015-08-07,,
781,SP20,-1,,2015-08-07,,
782,USB-FPGA Module 1.15y,95,,2015-08-07,86017,unknown
783,Bitman Antminers S3,2,,2015-08-07,441000,1300
784,USB miner,-1,25,2015-08-07,,
785,Bitman Antminers S4,4,,2015-08-07,200000,1429
786,GPU gear,-1,,2015-08-07,,
787,Bitman Antminers S5,5,,2015-08-07,115500,1957
788,FPGA mining,-1,,2015-08-07,,
789,Quad-Spartan 6 LX150 FPGA Board with USB 2,-1,,2015-08-07,,
790,Genesis Mining,-1,,2015-08-07,,
791,RoadStress,-1,,2015-08-14,,
792,Spondoolies,-1,,2015-08-14,,
793,Antminer U3,11,,2015-08-16,63000,1000
794,Avalon mini,-1,,2015-08-19,,
795,AntRouter,-1,,2015-09-11,,
796,Avalon 4.1,-1,,2015-09-11,,
797,TpLink Nano,-1,25,2015-09-11,,
798,S4+,-1,,2015-09-11,,
799,Raspberry Pi,-1,,2015-09-11,,
800,S9,8,,2015-09-11,140000,10182
801,S6,-1,,2015-09-11,,
802,S5+,6,,2015-09-11,772200,2247
803,Spiceminer's Ant Viewer,-1,,2015-09-23,,
804,Bitshopper.de,-1,,2015-10-01,,
805,GekkoScience Compac,-1,34.99,2015-10-01,,
806,AntRouter R1,-1,46.707,2015-10-15,,
807,SIDEHACK STICK,-1,,2015-10-26,,
808,Avalon Nano 3 USB,-1,,2015-11-07,,
809,S5,5,,2015-11-11,115500,1957
810,Smart Miner 3.0,-1,,2015-11-11,,
811,Radeon R9 290X,-1,,2015-11-11,,
812,Antminer USB,-1,,2015-11-11,,
813,S7,7,,2015-11-15,486000,4000
814,BM1384,-1,,2015-11-15,,
815,avalon 4.1,-1,,2015-11-15,,
816,antminer U2,10,,2015-11-15,2000,1000
817,sidehacks compacs,-1,,2015-11-15,,
818,Antminer S5,5,,2015-11-15,115500,1957
819,Innosilicon A2 Terminator,-1,,2015-11-15,,
820,Antminer S7,7,,2015-11-15,486000,4000
821,S5,5,,2015-11-20,115500,1957
822,Prismas,-1,,2015-11-20,,
823,BFL 60,-1,,2015-11-20,,
824,coincraft A1,-1,,2015-11-24,,
825,technobit Hex miners,-1,,2015-11-24,,
826,Dragon 1T,-1,,2015-11-24,,
827,A1 miners,-1,,2015-11-24,,
828,Bitmine Coincraft Desk V2,-1,,2015-11-24,,
829,Dragon 1.5T,-1,,2015-11-24,,
830,S5,5,,2015-11-24,115500,1957
831,Dragon miner,-1,,2015-11-24,,
832,S3,2,,2015-11-24,441000,1300
833,Dragons,-1,,2015-11-24,,
834,A3,-1,,2015-11-24,,
835,21 Bitcoin Computer,-1,400,2015-11-28,,
836,Spondoolies Tech SP 20,70,,2015-12-02,170000,1545
837,Sidehack Stick,-1,,2015-12-09,,
838,Sidehack Compac,-1,,2015-12-09,,
839,Block Erupter 330MH/s,-1,,2015-12-09,,
840,S3,2,,2015-12-09,441000,1300
841,SHA256d,-1,,2015-12-23,,
842,CoincraftDesk,-1,,2015-12-25,,
843,CoincraftDesk,-1,,2015-12-25,,
844,CoincraftDesk,-1,,2015-12-25,,
845,Gridseed Dual Asic Round 2,-1,,2015-12-25,,
846,CoincraftDesk,-1,,2015-12-25,,
847,CoincraftDesk,-1,,2015-12-25,,
848,CoincraftDesk,-1,,2015-12-25,,
849,CoincraftDesk,-1,,2015-12-25,,
850,CoincraftDesk,-1,,2015-12-25,,
851,CoincraftDesk,-1,,2015-12-25,,
852,CoincraftDesk,-1,,2015-12-25,,
853,CoincraftDesk,-1,,2015-12-25,,
854,CoincraftDesk,-1,,2015-12-25,,
855,CoincraftDesk,-1,,2015-12-25,,
856,CoincraftDesk,-1,,2015-12-25,,
857,USB miner,-1,,2016-01-04,,
858,Avalon 4.1,-1,0.65,2016-01-05,,
859,Antminer S4,4,,2016-01-14,200000,1429
860,Antminer S7,7,1369,2016-01-27,486000,4000
861,Avalon6,22,1100,2016-01-27,350000,unknown
862,Antminer S7,7,1299,2016-01-27,486000,4000
863,Prospero X36,-1,,2016-01-28,,
864,The New SHA-256 Asic Miner 14nm B-ELEVEN,-1,2400,2016-02-04,,
865,Avalon ASICs,-1,,2016-02-05,,
866,Bitfury 16nm mining chip,-1,,2016-02-05,,
867,GTX Titan X,-1,,2016-02-13,,
868,SIDEHACK STICK,-1,,2016-02-14,,
869,Antminer S2,1,,2016-02-26,100000,900
870,Antminer S1,0,,2016-02-26,180000,500
871,r7 370,-1,,2016-03-01,,
872,ANTMINER S5+,6,2475,2016-03-14,772200,2247
873,Novello Technologies new Mining System Project,-1,0.3,2016-04-09,,
874,S5,5,,2016-04-24,115500,1957
875,ASIC,-1,,2016-04-28,,
876,GPU,-1,,2016-04-28,,
877,Antminer S7,7,,2016-04-29,486000,4000
878,Antminer 2,-1,,2016-05-13,,
879,Antminer S7,7,,2016-06-18,486000,4000
880,Antminer S7,7,,2016-07-02,486000,4000
881,Antminer S5,5,,2016-07-02,115500,1957
882,S7 miner,7,,2016-07-20,486000,4000
883,BM1384,-1,,2016-08-22,,
884,Gridseed,-1,,2016-09-17,,
885,avalon4,-1,,2016-10-03,,
886,Anker 7 port USB Hub,-1,,2016-10-17,,
887,Antminer S5,5,,2016-10-17,115500,1957
888,Raspberry Pi 3,-1,,2016-10-17,,
889,AntMiner U3,11,,2016-10-19,63000,1000
890,Antminer s9,8,,2016-10-25,140000,10182
891,Alienware Area 51,-1,,2016-10-31,,
892,BitFury chips,-1,,2016-11-11,,
893,Antminer s5,5,,2016-11-11,115500,1957
894,4kwatt board from finksy/j4bberwock,-1,,2016-11-30,,
895,atx psu,-1,,2016-11-30,,
896,ITOP pcie cables,-1,,2016-11-30,,
897,2kwatt boards from optimizer,-1,,2016-11-30,,
898,2kwatt boards from finksy/j4bberwock,-1,,2016-11-30,,
899,server psu,-1,,2016-11-30,,
900,dps-,-1,,2016-11-30,,
901,Optimizer pcie cables,-1,,2016-11-30,,
902,Finksy/J4bberwock pcie cables,-1,,2016-11-30,,
903,Antminer S1/S3 Blade,-1,,2016-12-10,,
904,ANTMINER S2,1,,2016-12-10,100000,900
905,Antminer S3,2,,2016-12-10,441000,1300
906,Antminer S1,0,,2016-12-10,180000,500
907,Banana Pi,-1,,2016-12-10,,
908,S9,8,,2016-12-16,140000,10182
909,S7,7,,2016-12-16,486000,4000
910,Bitfury,-1,,2016-12-16,,
911,Avalon,-1,,2016-12-16,,
912,Antminer S9,8,,2016-12-29,140000,10182
913,AntMiner S7,7,,2016-12-30,486000,4000
914,Antiminers,-1,,2017-01-08,,
915,gpu rig,-1,,2017-01-08,,
916,S1,0,,2017-01-08,180000,500
917,s7,7,,2017-01-08,486000,4000
918,s9,8,,2017-01-08,140000,10182
919,1600w PSU,-1,,2017-01-08,,
920,HP 1200,-1,,2017-01-08,,
921,Antminer R4,-1,,2017-01-21,,
922,T9,-1,,2017-01-21,,
923,bitcoin miner s5,5,,2017-01-27,115500,1957
924,usb miner,-1,,2017-01-27,,
925,Avalon nano,-1,,2017-01-27,,
926,old miner,-1,,2017-01-27,,
927,AvalonMiner 721,23,,2017-01-29,600000,6000
928,A7,-1,,2017-01-29,,
929,Avalon A6,22,,2017-01-29,350000,unknown
930,FSP AURUM PRO 1200W 80+GOLD,-1,,2017-01-29,,
931,HP 441830-001 1200W DL580 G5 DPS-1200FB A,-1,,2017-01-29,,
932,DPS-2000,-1,,2017-01-29,,
933,DPS-2500,-1,,2017-01-29,,
934,IBM 2880,-1,,2017-01-29,,
935,Sidehack 1200,-1,,2017-01-29,,
936,GUI Miner,-1,,2017-01-31,,
937,BITMAIN ANTMINERS,-1,,2017-02-11,,
938,DIY PCI-e cables,-1,,2017-02-20,,
939,GekkoScience,-1,,2017-03-06,,
940,Antminer S7,7,,2017-03-11,486000,4000
941,S9 Board,-1,,2017-03-11,,
942,S9,8,175,2017-03-21,140000,10182
943,Pandaminer,-1,,2017-03-21,,
944,Block Erupter USB,-1,,2017-03-22,,
945,bm1385 chips,-1,,2017-04-07,,
946,S5 chip,-1,1.8,2017-04-07,,
947,Stud hub from Klintay,-1,260,2017-04-20,,
948,s9s,8,,2017-05-09,140000,10182
949,Bitfury,-1,,2017-05-23,,
950,B1 Avalon,-1,,2017-05-23,,
951,Antminers,-1,,2017-05-23,,
952,PSU,-1,,2017-05-29,,
953,EVGA1600,-1,399,2017-05-29,,
954,1300W,-1,,2017-05-29,,
955,800W,-1,,2017-05-29,,
956,Cointerra,40,,2017-06-08,160000,unknown
957,Antminer S3+,3,,2017-07-05,453000,1282
958,Spondoolies SP20,70,,2017-07-05,170000,1545
959,Antminer S5,5,,2017-07-05,115500,1957
960,Avalon 6,22,,2017-07-05,350000,unknown
961,Antminer S9,8,,2017-07-05,140000,10182
962,Antminer S5,5,250,2017-07-05,115500,1957
963,Antminer S7,7,400,2017-07-05,486000,4000
964,Antminer S4,4,,2017-07-05,200000,1429
965,Cointerra Terraminers,40,,2017-07-05,160000,unknown
966,z170 gaming pro,-1,,2017-07-13,,
967,i5 6600k,-1,,2017-07-13,,
968,1070GTX,-1,,2017-07-13,,
969,Black Arrow,36,,2017-07-21,100000,1000
970,Butterfly Labs,-1,,2017-07-21,,
971,Spondoolies,-1,,2017-07-21,,
972,Avalon,-1,,2017-07-21,,
973,Bitmain,-1,,2017-07-21,,
974,Bitfury,-1,,2017-07-21,,
975,Canaan Avalon 741,24,714,2017-07-21,730000,6350
976,LKETC Dragon Miner,-1,,2017-07-21,,
977,S9 hashing board,-1,600,2017-07-29,,
978,S7,7,,2017-08-01,486000,4000
979,S3+,3,,2017-08-01,453000,1282
980,1TH Dragon miner,-1,3000,2017-08-21,,
981,Antminer S7,7,,2017-08-25,486000,4000
982,Futurebit Moonlander,-1,,2017-08-31,,
983,Block Erupters,-1,,2017-08-31,,
984,Avalons,-1,,2017-08-31,,
985,Gekkoscience 2Pac stick,-1,,2017-08-31,,
986,S9,8,,2017-09-02,140000,10182
987,S9,8,,2017-09-02,140000,10182
988,L3+,-1,,2017-09-06,,
989,S9,8,,2017-09-21,140000,10182
990,AntMiner S2,1,23328.18,2017-09-27,100000,900
991,Antminer,-1,,2017-10-09,,
992,USB Block Erupter,-1,,2017-10-22,,
993,S9,8,,2017-10-22,140000,10182
994,S9,8,,2017-10-25,140000,10182
995,Avalon 741,24,,2017-10-25,730000,6350
996,Netgear GS108,-1,,2017-11-16,,
997,Cisco SF200-48,-1,,2017-11-16,,
998,TPlink Switches,-1,,2017-11-16,,
999,Asus router,-1,,2017-11-16,,
1000,Netgear FS108,-1,,2017-11-16,,
1001,Netgear GS105,-1,,2017-11-16,,
1002,Cisco CCNA training guide,-1,,2017-11-16,,
1003,Antminer S9 controller board,-1,100,2017-11-29,,
1004,S9,8,,2018-01-11,140000,10182
1005,APW3++,-1,,2018-01-11,,
1006,ANTMINER S5,5,0.319,2018-01-16,115500,1957
1007,surge protectors,-1,,2018-01-30,,
1008,media converter,-1,,2018-01-30,,
1009,inline ethernet surge protector,-1,,2018-01-30,,
1010,server PSUs,-1,,2018-01-30,,
1011,fiber link,-1,,2018-01-30,,
1012,surge arrestor,-1,,2018-01-30,,
1013,APW3,-1,,2018-01-30,,
1014,ATX psu,-1,,2018-01-30,,
1015,Avalon 6,22,,2018-02-05,350000,unknown
1016,Antminer S9,8,,2018-02-07,140000,10182
1017,HP Server Power Supplies,-1,,2018-02-07,,
1018,Antminer S9,8,,2018-05-07,140000,10182
1019,BTMine v1 Miner,-1,20356.128,2018-05-13,,
1020,Antminer s2,1,,2018-05-14,100000,900
1021,Antminer s1,0,,2018-05-14,180000,500
1022,Halong Mining DragonMint T1,-1,,2018-05-20,,
1023,Antminer S9,8,,2018-05-29,140000,10182
1024,Avalon 741,24,,2018-07-17,730000,6350
1025,Antminer S9,8,,2018-07-17,140000,10182
1026,Innosilicon T2,-1,1368,2018-07-21,,
1027,S9,8,,2018-07-25,140000,10182
1028,BFGMiner,-1,,2018-09-04,,
1029,CGMiner,-1,,2018-09-04,,
1030,CGWatcher 1.4.0,-1,,2018-09-04,,
1031,Antminer S9,8,,2018-09-21,140000,10182
1032,Antminer S7,7,,2018-12-07,486000,4000
1033,$5600.00,-1,,2018-12-07,,
1034,S9 Rackmount Self,-1,3600,2018-12-07,,
1035,Antminer T9,-1,,2019-01-28,,
1036,Antminer S15,-1,,2019-03-08,,
1037,Antminer S9,8,,2019-04-06,140000,10182
1038,Whatsminer M20S,-1,,2019-04-15,,
1039,S17,-1,,2019-10-29,,
1040,T2,-1,792,2019-10-29,,
1041,T30,-1,,2019-10-29,,
1042,T15,-1,600,2019-10-29,,
1043,S9k,-1,,2019-10-29,,
1044,S15,-1,680,2019-10-29,,
1045,Delta QFR1212GHE,-1,,2019-11-30,,
1046,T9+,-1,150,2019-11-30,,
1047,Beagleboard,-1,,2019-11-30,,
1048,Noctua industrialPPC,-1,,2019-11-30,,
1049,Avalon841,-1,,2019-11-30,,
1050,Antminer S9,8,,2019-11-30,140000,10182
1051,Enermax D.F. Storm,-1,,2019-11-30,,
1052,Antminer M10,-1,1156,2019-12-13,,
1053,Antminer T15,-1,845,2019-12-13,,
1054,Antminer S15,-1,1617,2019-12-13,,
1055,USB Block Erupter,-1,,2019-12-26,,
1056,BFGMiner 5.5.0,-1,,2019-12-26,,
1057,Antminer T17e,-1,,2020-01-14,,
1058,S17 Pro,-1,,2020-02-22,,
1059,Avalon 841,24,,2020-02-23,730000,6350
1060,Halong 1600W power supply,-1,,2020-03-15,,
1061,DragonMint T1,-1,,2020-03-15,,
1062,Antminer T17,-1,,2020-05-20,,
1063,Antminer T17+,-1,,2020-05-20,,
1064,M20S,-1,,2020-06-05,,
1065,Avalon A921,-1,396,2020-08-25,,
1066,Innosilicon T2T 30T,-1,,2021-01-03,,
1067,AvalonMiner 1041,-1,,2021-01-09,,
1068,s17,-1,,2021-02-18,,
1069,s9,8,,2021-02-18,140000,10182
1070,s19,-1,,2021-02-22,,
1071,s17,-1,,2021-02-22,,
1072,s9,8,,2021-02-22,140000,10182
1073,s15,-1,,2021-02-22,,
1074,S9,8,,2021-02-26,140000,10182
1075,"Antminer S9,S9j,S9i / S9K,S9SE Rackmount Shelf",-1,,2021-03-10,,
1076,PSU,-1,,2021-03-11,,
1077,Antminer S9,8,,2021-03-11,140000,10182
1078,S17e hash boards,-1,,2021-03-13,,
1079,for unknown price,-1,,2021-03-23,,
1080,Whatsminer,-1,,2021-03-23,,
1081,Antminer s17,-1,,2021-04-11,,
1082,Antminer s9,8,,2021-04-11,140000,10182
1083,Antminer s19,-1,,2021-04-11,,
1084,NewPac USB miners,-1,,2021-05-12,,
1085,Terminus R606,-1,,2021-05-12,,
1086,Apollo,-1,,2021-05-12,,
1087,S19 Pro,-1,15000,2021-05-12,,
1088,S9,8,,2021-05-12,140000,10182
1089,Avalon AUC3 Cable,-1,10,2021-05-24,,
1090,Canaan,-1,,2021-05-26,,
1091,Bitmain,-1,,2021-05-26,,
1092,s9 asics,8,,2021-07-05,140000,10182
1093,s19pro,-1,,2021-07-05,,
1094,t17+,-1,,2021-07-27,,
1095,S17+,-1,,2021-07-27,,
1096,S17,-1,,2021-07-27,,
1097,S17pro,-1,,2021-07-27,,
1098,50th,-1,,2021-07-27,,
1099,s9,8,,2021-07-27,140000,10182
1100,t17,-1,,2021-07-27,,
1101,53th,-1,,2021-07-27,,
1102,Whatsminer M20s,-1,,2021-08-29,,
1103,Whatsminer M30s,-1,,2021-08-29,,
1104,AvalonMiner 1166 Pro,-1,,2021-09-07,,
1105,ASIC miner,-1,,2021-09-07,,
1106,avalon miner 1166 pro,-1,,2021-10-04,,
1107,PSU t17+ apw9+,-1,,2021-10-08,,
1108,Avalon A7,-1,888,2021-11-06,,
1109,Utility tub sink,-1,100,2021-11-12,,
1110,s9,8,,2021-11-29,140000,10182
1111,Avalon 1047,-1,,2021-12-01,,
1112,Black arrow Prospero X1,-1,,2021-12-02,,
1113,Asic S19j Pro,-1,,2021-12-08,,
1114,Antminer S9,8,,2021-12-12,140000,10182
1115,S9,8,,2021-12-14,140000,10182
1116,S17 Pro,-1,,2021-12-14,,
1117,Whatsminers,-1,,2021-12-14,,
1118,L3,-1,,2021-12-14,,
1119,Antminer S19,-1,,2021-12-14,,
1120,S17,-1,,2022-01-04,,
1121,S19J Pro 104T,-1,,2022-01-04,,
1122,Avalon A1166 81T,-1,,2022-01-06,,
1123,S17+,-1,,2022-01-18,,
1124,S17,-1,,2022-01-18,,
1125,Canaan Avalon 1246,-1,,2022-01-21,,
1126,Antminer s9,8,,2022-02-19,140000,10182
1127,cpuminer,-1,,2022-02-19,,
1128,M20s,-1,,2022-02-19,,
1129,A1246,-1,,2022-02-25,,
1130,S17,-1,,2022-03-06,,
1131,Antminer,-1,,2022-03-24,,
1132,Butterfly Labs,-1,500,2022-04-20,,
1133,S9,8,,2022-05-07,140000,10182
1134,S9k,-1,,2022-05-07,,
1135,Compac F,-1,,2022-05-16,,
1136,Apollo BTC,-1,,2022-05-16,,
1137,T17,-1,1000,2022-05-22,,
1138,Whatsminer,-1,,2022-07-16,,
1139,Ebang Ebit 10.1,-1,,2022-07-22,,
1140,T17,-1,,2022-07-28,,
1141,S19 XP,-1,,2022-07-31,,
1142,T19 Hydro,-1,,2022-07-31,,
1143,741,24,,2022-08-03,730000,6350
1144,Apollo BTC,-1,,2022-08-03,,
1145,A1066,-1,,2022-08-03,,
1146,A1246 Series,-1,,2022-08-03,,
1147,A1166,-1,,2022-08-03,,
1148,A721,23,,2022-08-03,600000,6000
1149,821,26,,2022-08-03,110000,9170
1150,1047,-1,,2022-08-03,,
1151,A10 Series,-1,,2022-08-03,,
1152,A1246 93TH,-1,,2022-08-03,,
1153,1041,-1,,2022-08-03,,
1154,921,-1,,2022-08-03,,
1155,A721,23,,2022-08-03,600000,6000
1156,841,-1,,2022-08-03,,
1157,A841,-1,,2022-08-03,,
1158,T17+,-1,,2022-08-22,,
1159,S17+,-1,,2022-08-22,,
1160,Antminer U2,10,,2022-09-13,2000,1000
1161,S19 Pro 100T,-1,,2022-10-22,,
1162,Asics,-1,,2022-10-22,,
1163,BitmainS19pro,-1,4833,2022-11-13,,
1164,Avalon 821,26,,2022-11-24,110000,9170
1165,APW9,-1,,2022-12-05,,
1166,APW9+,-1,,2022-12-05,,
1167,tmp541 chip,-1,,2022-12-09,,
1168,S9 13th,8,,2022-12-09,140000,10182
1169,Antminer S19j Pro,-1,,2023-01-26,,
1170,Gekkoscience Newpac2,-1,,2023-02-18,,
1171,Raspberry Pi 2-3-4,-1,,2023-02-18,,
1172,L3,-1,,2023-02-18,,
1173,Zero W,-1,,2023-02-18,,
1174,S9,8,,2023-02-18,140000,10182
1175,STORJ node,-1,,2023-02-18,,
1176,Antminer S9,8,200,2023-02-20,140000,10182
1177,HP 750W Server PSU (HSTNS),-1,,2023-02-20,,
1178,Canaan A851,-1,,2023-02-20,,
1179,Antminer S9,8,50,2023-02-20,140000,10182
1180,HP 750W Server PSU (HSTNS),-1,,2023-02-20,,
1181,HP 450W Server PSU,-1,,2023-02-20,,
1182,R4,-1,,2023-02-20,,
1183,HP 450W Server PSU,-1,,2023-02-20,,
1184,T9+,-1,,2023-02-20,,
1185,S19 XP 140TH units,-1,,2023-03-10,,
1186,AMT/Bitmine.ch A1 CoinCraft miner,-1,,2023-03-10,,
1187,Whatsminer,-1,,2023-03-10,,
1188,S17 fiasco,-1,,2023-03-10,,
1189,S19APro 110TH units,-1,,2023-03-10,,
1190,S19 90TH units,-1,,2023-03-10,,
1191,Antminer,-1,,2023-03-10,,
1192,Antminer S 19 XP,-1,4000,2023-03-14,,
1193,Antminer T15,-1,,2023-03-24,,
1194,Antminer T9,-1,,2023-03-28,,
1195,Compact F USB miner,-1,,2023-04-26,,
1196,Antminer S1,0,,2023-05-09,180000,500
1197,Avalon 1166PRO,-1,,2023-05-18,,
1198,Heatbit Heater,-1,1200,2023-05-20,,
1199,NewPac,-1,,2023-06-06,,
1200,S19s,-1,,2023-06-12,,
1201,S19j/s19jpros,-1,,2023-06-12,,
1202,NM440,-1,,2023-06-12,,
1203,Blockstream ASIC miner,-1,,2023-06-23,,
1204,Antminer S5,5,,2023-06-24,115500,1957
1205,Linksys EA3500-NP,-1,,2023-06-24,,
1206,CoolTank 75KW,-1,,2023-07-15,,
1207,CoolTank 10KW,-1,,2023-07-15,,
1208,S19,-1,,2023-07-18,,
1209,10kw solar panel system,-1,,2023-07-18,,
1210,Antminer L3+,-1,200,2023-08-08,,
1211,Antminer S15,-1,400,2023-08-08,,
1212,Goldshell KD2,-1,,2023-08-08,,
1213,bitaxeUltra,-1,,2023-09-01,,
1214,insilicon A11 pro,-1,,2023-09-03,,
1215,Microbt,-1,,2023-09-21,,
1216,Antminer S21,-1,,2023-09-21,,
1211,Antminer S15,-1,400,2023-08-08,,
1212,Goldshell KD2,-1,,2023-08-08,,
1213,bitaxeUltra,-1,,2023-09-01,,
1214,insilicon A11 pro,-1,,2023-09-03,,
1215,Microbt,-1,,2023-09-21,,
1216,Antminer S21,-1,,2023-09-21,,
